{
	"partitions" : [
		{
			"name" : "Top",
			"pins" : [
				{
					"name" : "sevenDisplay100[0]",
					"strict" : false
				},
				{
					"name" : "sevenDisplay100[1]",
					"strict" : false
				},
				{
					"name" : "sevenDisplay100[2]",
					"strict" : false
				},
				{
					"name" : "sevenDisplay100[3]",
					"strict" : false
				},
				{
					"name" : "sevenDisplay100[4]",
					"strict" : false
				},
				{
					"name" : "sevenDisplay100[5]",
					"strict" : false
				},
				{
					"name" : "sevenDisplay100[6]",
					"strict" : false
				},
				{
					"name" : "sevenDisplay010[0]",
					"strict" : false
				},
				{
					"name" : "sevenDisplay010[1]",
					"strict" : false
				},
				{
					"name" : "sevenDisplay010[2]",
					"strict" : false
				},
				{
					"name" : "sevenDisplay010[3]",
					"strict" : false
				},
				{
					"name" : "sevenDisplay010[4]",
					"strict" : false
				},
				{
					"name" : "sevenDisplay010[5]",
					"strict" : false
				},
				{
					"name" : "sevenDisplay010[6]",
					"strict" : false
				},
				{
					"name" : "sevenDisplay001[0]",
					"strict" : false
				},
				{
					"name" : "sevenDisplay001[1]",
					"strict" : false
				},
				{
					"name" : "sevenDisplay001[2]",
					"strict" : false
				},
				{
					"name" : "sevenDisplay001[3]",
					"strict" : false
				},
				{
					"name" : "sevenDisplay001[4]",
					"strict" : false
				},
				{
					"name" : "sevenDisplay001[5]",
					"strict" : false
				},
				{
					"name" : "sevenDisplay001[6]",
					"strict" : false
				},
				{
					"name" : "dot_row[0]",
					"strict" : false
				},
				{
					"name" : "dot_row[1]",
					"strict" : false
				},
				{
					"name" : "dot_row[2]",
					"strict" : false
				},
				{
					"name" : "dot_row[3]",
					"strict" : false
				},
				{
					"name" : "dot_row[4]",
					"strict" : false
				},
				{
					"name" : "dot_row[5]",
					"strict" : false
				},
				{
					"name" : "dot_row[6]",
					"strict" : false
				},
				{
					"name" : "dot_row[7]",
					"strict" : false
				},
				{
					"name" : "dot_col[0]",
					"strict" : false
				},
				{
					"name" : "dot_col[1]",
					"strict" : false
				},
				{
					"name" : "dot_col[2]",
					"strict" : false
				},
				{
					"name" : "dot_col[3]",
					"strict" : false
				},
				{
					"name" : "dot_col[4]",
					"strict" : false
				},
				{
					"name" : "dot_col[5]",
					"strict" : false
				},
				{
					"name" : "dot_col[6]",
					"strict" : false
				},
				{
					"name" : "dot_col[7]",
					"strict" : false
				},
				{
					"name" : "VGA_hSync",
					"strict" : false
				},
				{
					"name" : "VGA_vSync",
					"strict" : false
				},
				{
					"name" : "VGA_R[0]",
					"strict" : false
				},
				{
					"name" : "VGA_R[1]",
					"strict" : false
				},
				{
					"name" : "VGA_R[2]",
					"strict" : false
				},
				{
					"name" : "VGA_R[3]",
					"strict" : false
				},
				{
					"name" : "VGA_G[0]",
					"strict" : false
				},
				{
					"name" : "VGA_G[1]",
					"strict" : false
				},
				{
					"name" : "VGA_G[2]",
					"strict" : false
				},
				{
					"name" : "VGA_G[3]",
					"strict" : false
				},
				{
					"name" : "VGA_B[0]",
					"strict" : false
				},
				{
					"name" : "VGA_B[1]",
					"strict" : false
				},
				{
					"name" : "VGA_B[2]",
					"strict" : false
				},
				{
					"name" : "VGA_B[3]",
					"strict" : false
				},
				{
					"name" : "reset",
					"strict" : false
				},
				{
					"name" : "clock",
					"strict" : false
				},
				{
					"name" : "keyPad_col[0]",
					"strict" : false
				},
				{
					"name" : "keyPad_col[1]",
					"strict" : false
				},
				{
					"name" : "keyPad_col[2]",
					"strict" : false
				},
				{
					"name" : "keyPad_col[3]",
					"strict" : false
				}
			]
		}
	]
}